<aetgt:getResponse xmlns:aetgt="http://schemas.active-endpoints.com/appmodules/repository/2010/10/avrepository.xsd"
                   xmlns:types1="http://schemas.active-endpoints.com/appmodules/repository/2010/10/avrepository.xsd">
   <types1:Item>
      <types1:EntryId>x1H5lRuImXycotF-gt-4729953-2019-07-12T22:17:28.372Z::tf.xml</types1:EntryId>
      <types1:Name>tf_StoreMaster_Interface</types1:Name>
      <types1:MimeType>application/xml+taskflow</types1:MimeType>
      <types1:Description>Load Unit (Store) Master data into ODS tables.</types1:Description>
      <types1:AppliesTo/>
      <types1:Tags/>
      <types1:VersionLabel>1.0</types1:VersionLabel>
      <types1:State>CURRENT</types1:State>
      <types1:ProcessGroup/>
      <types1:CreatedBy>hkrishnaTest</types1:CreatedBy>
      <types1:CreationDate>2019-07-12T22:17:28Z</types1:CreationDate>
      <types1:ModifiedBy>vrayallatest</types1:ModifiedBy>
      <types1:ModificationDate>2019-08-13T14:58:35Z</types1:ModificationDate>
      <types1:PublicationStatus>published</types1:PublicationStatus>
      <types1:PublishedBy>vrayallatest</types1:PublishedBy>
      <types1:PublicationDate>2019-08-13T14:59:05Z</types1:PublicationDate>
      <types1:PublishedContributionId>project:/tf.tf_StoreMaster_Interface/tf_StoreMaster_Interface.tf.xml</types1:PublishedContributionId>
      <types1:AutosaveExists>false</types1:AutosaveExists>
      <types1:Entry>
         <taskflow xmlns="http://schemas.active-endpoints.com/appmodules/screenflow/2010/10/avosScreenflow.xsd"
                   xmlns:list="urn:activevos:spi:list:functions"
                   displayName="tf_StoreMaster_Interface"
                   name="tf_StoreMaster_Interface">
            <appliesTo/>
            <description>Load Unit (Store) Master data into ODS tables.</description>
            <tags/>
            <generator>Informatica Process Designer 11</generator>
            <tempFields>
               <field description="" name="mt_m_STG_UM_DATA" type="reference">
                  <options>
                     <option name="referenceTo">$po:mt-m-STG-UM-DATA</option>
                  </options>
               </field>
               <field description="" name="mt_m_STG_UM_DATES" type="reference">
                  <options>
                     <option name="referenceTo">$po:mt-m-STG-UM-DATES</option>
                  </options>
               </field>
               <field description="" name="mt_m_STG_UM_Hours" type="reference">
                  <options>
                     <option name="referenceTo">$po:mt-m-STG-UM-Hours</option>
                  </options>
               </field>
               <field description="" name="mt_m_STG_UM_Ops_Hieararchy" type="reference">
                  <options>
                     <option name="referenceTo">$po:mt-m-STG-UM-Ops-Hieararchy</option>
                  </options>
               </field>
               <field description=""
                      name="mt_m_STG_UM_Ops_Hieararchy_Descr_File"
                      type="reference">
                  <options>
                     <option name="referenceTo">$po:mt-m-STG-UM-Ops-Hieararchy-Descr-File</option>
                  </options>
               </field>
               <field description="" name="mt_m_D_STORE_STG_UM" type="reference">
                  <options>
                     <option name="referenceTo">$po:mt-m-D-STORE-STG-UM</option>
                  </options>
               </field>
               <field description="" name="mt_m_STG_UM_ATTRIBUTES" type="reference">
                  <options>
                     <option name="referenceTo">$po:mt-m-STG-UM-ATTRIBUTES</option>
                  </options>
               </field>
               <field description="" name="mt_Batch_id_ins" type="reference">
                  <options>
                     <option name="referenceTo">$po:mt-Batch-id-ins</option>
                  </options>
               </field>
               <field description="" name="mt_Batch_id_upd" type="reference">
                  <options>
                     <option name="referenceTo">$po:mt-Batch-id-upd</option>
                  </options>
               </field>
            </tempFields>
            <notes/>
            <deployment suspendOnFault="false" tracingLevel="verbose">
               <rest/>
            </deployment>
            <flow id="a">
               <start id="b">
                  <link id="jwqs69ga" targetId="jwqs69h4"/>
               </start>
               <eventContainer id="jwqs69h4">
                  <service id="jwqs69g9">
                     <title>mt_Batch_id_ins</title>
                     <serviceName>ICSExecuteDataTask</serviceName>
                     <serviceGUID/>
                     <serviceInput>
                        <parameter name="Wait for Task to Complete" source="constant" updatable="true">true</parameter>
                        <parameter name="Max Wait" source="constant" updatable="true">86400</parameter>
                        <parameter name="Task Name" source="constant" updatable="true">mt_Batch_id_ins</parameter>
                        <parameter name="GUID" source="constant" updatable="true">aExuI6EUHG3bfH2moM4uGV</parameter>
                        <parameter name="Task Type" source="constant" updatable="true">MCT</parameter>
                        <parameter name="Has Inout Parameters" source="constant" updatable="true">true</parameter>
                        <parameter name="taskField" source="nested">
                           <operation source="field" to="mt-Batch-id-ins">temp.mt_Batch_id_ins</operation>
                           <operation source="constant" to="mt-Batch-id-ins/inout[1]/interface_name">StoreMaster</operation>
                           <operation source="constant" to="mt-Batch-id-ins/inout[1]/tf_name">tf_StoreMaster_Interface</operation>
                        </parameter>
                     </serviceInput>
                     <serviceOutput>
                        <operation source="field" to="temp.mt_Batch_id_ins/output">Success Source Rows</operation>
                        <operation source="field" to="temp.mt_Batch_id_ins/output/Object_Name">Object Name</operation>
                        <operation source="field" to="temp.mt_Batch_id_ins/output/Run_Id">Run Id</operation>
                        <operation source="field" to="temp.mt_Batch_id_ins/output/Log_Id">Log Id</operation>
                        <operation source="field" to="temp.mt_Batch_id_ins/output/Task_Status">Task Status</operation>
                        <operation source="field" to="temp.mt_Batch_id_ins/output/Success_Source_Rows">Success Source Rows</operation>
                        <operation source="field" to="temp.mt_Batch_id_ins/output/Failed_Source_Rows">Failed Source Rows</operation>
                        <operation source="field" to="temp.mt_Batch_id_ins/output/Success_Target_Rows">Success Target Rows</operation>
                        <operation source="field" to="temp.mt_Batch_id_ins/output/Failed_Target_Rows">Failed Target Rows</operation>
                        <operation source="field" to="temp.mt_Batch_id_ins/output/Start_Time">Start Time</operation>
                        <operation source="field" to="temp.mt_Batch_id_ins/output/End_Time">End Time</operation>
                        <operation source="field" to="temp.mt_Batch_id_ins/output/Error_Message">Error Message</operation>
                        <operation source="field" to="temp.mt_Batch_id_ins/inout/interface_name">interface_name</operation>
                        <operation source="field" to="temp.mt_Batch_id_ins/inout/tf_name">tf_name</operation>
                     </serviceOutput>
                  </service>
                  <link id="jxyw37as" targetId="jw9spqm0"/>
                  <events>
                     <catch faultField="temp.mt_Batch_id_ins/fault"
                            id="jwqs69h2"
                            interrupting="true"
                            name="error">
                        <suspend/>
                     </catch>
                     <catch faultField="temp.mt_Batch_id_ins/fault"
                            id="jwqs69h3"
                            interrupting="true"
                            name="warning"/>
                  </events>
               </eventContainer>
               <eventContainer id="jwaqup7k">
                  <service id="jwaqup6w">
                     <title>mt_m_D_STORE_STG_UM</title>
                     <serviceName>ICSExecuteDataTask</serviceName>
                     <serviceGUID/>
                     <serviceInput>
                        <parameter name="Wait for Task to Complete" source="constant" updatable="true">true</parameter>
                        <parameter name="Max Wait" source="constant" updatable="true">86400</parameter>
                        <parameter name="Task Name" source="constant" updatable="true">mt_m_D_STORE_STG_UM</parameter>
                        <parameter name="GUID" source="constant" updatable="true">aseOkLVJ7cdiix39SEosI1</parameter>
                        <parameter name="Task Type" source="constant" updatable="true">MCT</parameter>
                        <parameter name="Has Inout Parameters" source="constant" updatable="true">false</parameter>
                        <parameter name="taskField" source="nested">
                           <operation source="field" to="mt-m-D-STORE-STG-UM">temp.mt_m_D_STORE_STG_UM</operation>
                        </parameter>
                     </serviceInput>
                     <serviceOutput>
                        <operation source="field" to="temp.mt_m_D_STORE_STG_UM/output">Success Source Rows</operation>
                        <operation source="field" to="temp.mt_m_D_STORE_STG_UM/output/Object_Name">Object Name</operation>
                        <operation source="field" to="temp.mt_m_D_STORE_STG_UM/output/Run_Id">Run Id</operation>
                        <operation source="field" to="temp.mt_m_D_STORE_STG_UM/output/Log_Id">Log Id</operation>
                        <operation source="field" to="temp.mt_m_D_STORE_STG_UM/output/Task_Status">Task Status</operation>
                        <operation source="field" to="temp.mt_m_D_STORE_STG_UM/output/Success_Source_Rows">Success Source Rows</operation>
                        <operation source="field" to="temp.mt_m_D_STORE_STG_UM/output/Failed_Source_Rows">Failed Source Rows</operation>
                        <operation source="field" to="temp.mt_m_D_STORE_STG_UM/output/Success_Target_Rows">Success Target Rows</operation>
                        <operation source="field" to="temp.mt_m_D_STORE_STG_UM/output/Failed_Target_Rows">Failed Target Rows</operation>
                        <operation source="field" to="temp.mt_m_D_STORE_STG_UM/output/Start_Time">Start Time</operation>
                        <operation source="field" to="temp.mt_m_D_STORE_STG_UM/output/End_Time">End Time</operation>
                        <operation source="field" to="temp.mt_m_D_STORE_STG_UM/output/Error_Message">Error Message</operation>
                     </serviceOutput>
                  </service>
                  <link id="jxaq579k" targetId="jwqs69lg"/>
                  <events>
                     <catch faultField="temp.mt_m_D_STORE_STG_UM/fault"
                            id="jwaqup7i"
                            interrupting="true"
                            name="error">
                        <suspend/>
                     </catch>
                     <catch faultField="temp.mt_m_D_STORE_STG_UM/fault"
                            id="jwaqup7j"
                            interrupting="true"
                            name="warning"/>
                  </events>
               </eventContainer>
               <eventContainer id="jwqs69lg">
                  <service id="jwqs69kl">
                     <title>mt_Batch_id_upd</title>
                     <serviceName>ICSExecuteDataTask</serviceName>
                     <serviceGUID/>
                     <serviceInput>
                        <parameter name="Wait for Task to Complete" source="constant" updatable="true">true</parameter>
                        <parameter name="Max Wait" source="constant" updatable="true">86400</parameter>
                        <parameter name="Task Name" source="constant" updatable="true">mt_Batch_id_upd</parameter>
                        <parameter name="GUID" source="constant" updatable="true">2UO41JdOsYIbhP7TzDk7cF</parameter>
                        <parameter name="Task Type" source="constant" updatable="true">MCT</parameter>
                        <parameter name="Has Inout Parameters" source="constant" updatable="true">true</parameter>
                        <parameter name="taskField" source="nested">
                           <operation source="field" to="mt-Batch-id-upd">temp.mt_Batch_id_upd</operation>
                           <operation source="constant" to="mt-Batch-id-upd/inout[1]/Target_Table_Name">D_STORE</operation>
                           <operation source="constant" to="mt-Batch-id-upd/inout[1]/tf_name">tf_StoreMaster_Interface</operation>
                        </parameter>
                     </serviceInput>
                     <serviceOutput>
                        <operation source="field" to="temp.mt_Batch_id_upd/output">Success Source Rows</operation>
                        <operation source="field" to="temp.mt_Batch_id_upd/output/Object_Name">Object Name</operation>
                        <operation source="field" to="temp.mt_Batch_id_upd/output/Run_Id">Run Id</operation>
                        <operation source="field" to="temp.mt_Batch_id_upd/output/Log_Id">Log Id</operation>
                        <operation source="field" to="temp.mt_Batch_id_upd/output/Task_Status">Task Status</operation>
                        <operation source="field" to="temp.mt_Batch_id_upd/output/Success_Source_Rows">Success Source Rows</operation>
                        <operation source="field" to="temp.mt_Batch_id_upd/output/Failed_Source_Rows">Failed Source Rows</operation>
                        <operation source="field" to="temp.mt_Batch_id_upd/output/Success_Target_Rows">Success Target Rows</operation>
                        <operation source="field" to="temp.mt_Batch_id_upd/output/Failed_Target_Rows">Failed Target Rows</operation>
                        <operation source="field" to="temp.mt_Batch_id_upd/output/Start_Time">Start Time</operation>
                        <operation source="field" to="temp.mt_Batch_id_upd/output/End_Time">End Time</operation>
                        <operation source="field" to="temp.mt_Batch_id_upd/output/Error_Message">Error Message</operation>
                        <operation source="field" to="temp.mt_Batch_id_upd/inout/Target_Table_Name">Target_Table_Name</operation>
                        <operation source="field" to="temp.mt_Batch_id_upd/inout/tf_name">tf_name</operation>
                     </serviceOutput>
                  </service>
                  <link id="jwqs69kn" targetId="c"/>
                  <events>
                     <catch faultField="temp.mt_Batch_id_upd/fault"
                            id="jwqs69le"
                            interrupting="true"
                            name="error">
                        <suspend/>
                     </catch>
                     <catch faultField="temp.mt_Batch_id_upd/fault"
                            id="jwqs69lf"
                            interrupting="true"
                            name="warning"/>
                  </events>
               </eventContainer>
               <container id="jw9spqm0" type="exclusive">
                  <title>dec_process_files</title>
                  <flow id="jw9spqm4">
                     <link id="jw9spqm5" targetId="jw9spqm0" type="containerLink"/>
                  </flow>
                  <flow id="jw9spqm7">
                     <end id="jwaswma0">
                        <title>End 1</title>
                     </end>
                  </flow>
                  <link id="jw9spqm3" targetId="jw9spqm4" type="containerLink">
                     <condition source="formula">
                        <function name="set">
                           <arg name="field">{$temp.mt_Batch_id_ins}</arg>
                        </function>
                     </condition>
                  </link>
                  <link id="jw9spqm6" targetId="jw9spqm7" type="containerLink">
                     <condition source="formula">
                        <function name="unset">
                           <arg name="field">{$temp.mt_Batch_id_ins}</arg>
                        </function>
                     </condition>
                  </link>
                  <link id="jw9spqm2" targetId="j3wg4fhf"/>
               </container>
               <container id="j3wg4fhf" type="parallel">
                  <title>Parallel Paths 1</title>
                  <flow id="j3wg4fhj">
                     <eventContainer id="jw5zpkqi">
                        <service id="j3wg4fhu">
                           <title>mt_m_STG_UM_DATA</title>
                           <serviceName>ICSExecuteDataTask</serviceName>
                           <serviceGUID/>
                           <serviceInput>
                              <parameter name="Wait for Task to Complete" source="constant" updatable="true">true</parameter>
                              <parameter name="Max Wait" source="constant" updatable="true">86400</parameter>
                              <parameter name="Task Name" source="constant" updatable="true">mt_m_STG_UM_DATA</parameter>
                              <parameter name="GUID" source="constant" updatable="true">ghKspAgE9kwdCoXC5U00Q9</parameter>
                              <parameter name="Task Type" source="constant" updatable="true">MCT</parameter>
                              <parameter name="Has Inout Parameters" source="constant" updatable="true">false</parameter>
                              <parameter name="taskField" source="nested">
                                 <operation source="field" to="mt-m-STG-UM-DATA">temp.mt_m_STG_UM_DATA</operation>
                              </parameter>
                           </serviceInput>
                           <serviceOutput>
                              <operation source="field" to="temp.mt_m_STG_UM_DATA/output">Success Source Rows</operation>
                              <operation source="field" to="temp.mt_m_STG_UM_DATA/output/Object_Name">Object Name</operation>
                              <operation source="field" to="temp.mt_m_STG_UM_DATA/output/Run_Id">Run Id</operation>
                              <operation source="field" to="temp.mt_m_STG_UM_DATA/output/Log_Id">Log Id</operation>
                              <operation source="field" to="temp.mt_m_STG_UM_DATA/output/Task_Status">Task Status</operation>
                              <operation source="field" to="temp.mt_m_STG_UM_DATA/output/Success_Source_Rows">Success Source Rows</operation>
                              <operation source="field" to="temp.mt_m_STG_UM_DATA/output/Failed_Source_Rows">Failed Source Rows</operation>
                              <operation source="field" to="temp.mt_m_STG_UM_DATA/output/Success_Target_Rows">Success Target Rows</operation>
                              <operation source="field" to="temp.mt_m_STG_UM_DATA/output/Failed_Target_Rows">Failed Target Rows</operation>
                              <operation source="field" to="temp.mt_m_STG_UM_DATA/output/Start_Time">Start Time</operation>
                              <operation source="field" to="temp.mt_m_STG_UM_DATA/output/End_Time">End Time</operation>
                              <operation source="field" to="temp.mt_m_STG_UM_DATA/output/Error_Message">Error Message</operation>
                           </serviceOutput>
                        </service>
                        <events>
                           <catch faultField="temp.mt_m_STG_UM_DATA/fault"
                                  id="jw5zpkqg"
                                  interrupting="true"
                                  name="error">
                              <suspend/>
                           </catch>
                           <catch faultField="temp.mt_m_STG_UM_DATA/fault"
                                  id="jw5zpkqh"
                                  interrupting="true"
                                  name="warning"/>
                        </events>
                     </eventContainer>
                     <link id="j3wg4fhk" targetId="j3wg4fhf" type="containerLink"/>
                  </flow>
                  <flow id="j3wg4fhm">
                     <eventContainer id="jw5zpkqu">
                        <service id="j3wg4fi4">
                           <title>mt_m_STG_UM_DATES</title>
                           <serviceName>ICSExecuteDataTask</serviceName>
                           <serviceGUID/>
                           <serviceInput>
                              <parameter name="Wait for Task to Complete" source="constant" updatable="true">true</parameter>
                              <parameter name="Max Wait" source="constant" updatable="true">86400</parameter>
                              <parameter name="Task Name" source="constant" updatable="true">mt_m_STG_UM_DATES</parameter>
                              <parameter name="GUID" source="constant" updatable="true">3yUIZL3ORebiOD3G6yqtss</parameter>
                              <parameter name="Task Type" source="constant" updatable="true">MCT</parameter>
                              <parameter name="Has Inout Parameters" source="constant" updatable="true">false</parameter>
                              <parameter name="taskField" source="nested">
                                 <operation source="field" to="mt-m-STG-UM-DATES">temp.mt_m_STG_UM_DATES</operation>
                              </parameter>
                           </serviceInput>
                           <serviceOutput>
                              <operation source="field" to="temp.mt_m_STG_UM_DATES/output">Success Source Rows</operation>
                              <operation source="field" to="temp.mt_m_STG_UM_DATES/output/Object_Name">Object Name</operation>
                              <operation source="field" to="temp.mt_m_STG_UM_DATES/output/Run_Id">Run Id</operation>
                              <operation source="field" to="temp.mt_m_STG_UM_DATES/output/Log_Id">Log Id</operation>
                              <operation source="field" to="temp.mt_m_STG_UM_DATES/output/Task_Status">Task Status</operation>
                              <operation source="field" to="temp.mt_m_STG_UM_DATES/output/Success_Source_Rows">Success Source Rows</operation>
                              <operation source="field" to="temp.mt_m_STG_UM_DATES/output/Failed_Source_Rows">Failed Source Rows</operation>
                              <operation source="field" to="temp.mt_m_STG_UM_DATES/output/Success_Target_Rows">Success Target Rows</operation>
                              <operation source="field" to="temp.mt_m_STG_UM_DATES/output/Failed_Target_Rows">Failed Target Rows</operation>
                              <operation source="field" to="temp.mt_m_STG_UM_DATES/output/Start_Time">Start Time</operation>
                              <operation source="field" to="temp.mt_m_STG_UM_DATES/output/End_Time">End Time</operation>
                              <operation source="field" to="temp.mt_m_STG_UM_DATES/output/Error_Message">Error Message</operation>
                           </serviceOutput>
                        </service>
                        <events>
                           <catch faultField="temp.mt_m_STG_UM_DATES/fault"
                                  id="jw5zpkqs"
                                  interrupting="true"
                                  name="error">
                              <suspend/>
                           </catch>
                           <catch faultField="temp.mt_m_STG_UM_DATES/fault"
                                  id="jw5zpkqt"
                                  interrupting="true"
                                  name="warning"/>
                        </events>
                     </eventContainer>
                     <link id="j3wg4fhn" targetId="j3wg4fhf" type="containerLink"/>
                  </flow>
                  <flow id="jw5zpkr9">
                     <eventContainer id="jw5zpksy">
                        <service id="jw5zpkrv">
                           <title>mt_m_STG_UM_Hours</title>
                           <serviceName>ICSExecuteDataTask</serviceName>
                           <serviceGUID/>
                           <serviceInput>
                              <parameter name="Wait for Task to Complete" source="constant" updatable="true">true</parameter>
                              <parameter name="Max Wait" source="constant" updatable="true">86400</parameter>
                              <parameter name="Task Name" source="constant" updatable="true">mt_m_STG_UM_Hours</parameter>
                              <parameter name="GUID" source="constant" updatable="true">2f1l1HyRZyaczx0I9ISnQO</parameter>
                              <parameter name="Task Type" source="constant" updatable="true">MCT</parameter>
                              <parameter name="Has Inout Parameters" source="constant" updatable="true">false</parameter>
                              <parameter name="taskField" source="nested">
                                 <operation source="field" to="mt-m-STG-UM-Hours">temp.mt_m_STG_UM_Hours</operation>
                              </parameter>
                           </serviceInput>
                           <serviceOutput>
                              <operation source="field" to="temp.mt_m_STG_UM_Hours/output">Success Source Rows</operation>
                              <operation source="field" to="temp.mt_m_STG_UM_Hours/output/Object_Name">Object Name</operation>
                              <operation source="field" to="temp.mt_m_STG_UM_Hours/output/Run_Id">Run Id</operation>
                              <operation source="field" to="temp.mt_m_STG_UM_Hours/output/Log_Id">Log Id</operation>
                              <operation source="field" to="temp.mt_m_STG_UM_Hours/output/Task_Status">Task Status</operation>
                              <operation source="field" to="temp.mt_m_STG_UM_Hours/output/Success_Source_Rows">Success Source Rows</operation>
                              <operation source="field" to="temp.mt_m_STG_UM_Hours/output/Failed_Source_Rows">Failed Source Rows</operation>
                              <operation source="field" to="temp.mt_m_STG_UM_Hours/output/Success_Target_Rows">Success Target Rows</operation>
                              <operation source="field" to="temp.mt_m_STG_UM_Hours/output/Failed_Target_Rows">Failed Target Rows</operation>
                              <operation source="field" to="temp.mt_m_STG_UM_Hours/output/Start_Time">Start Time</operation>
                              <operation source="field" to="temp.mt_m_STG_UM_Hours/output/End_Time">End Time</operation>
                              <operation source="field" to="temp.mt_m_STG_UM_Hours/output/Error_Message">Error Message</operation>
                           </serviceOutput>
                        </service>
                        <events>
                           <catch faultField="temp.mt_m_STG_UM_Hours/fault"
                                  id="jw5zpksw"
                                  interrupting="true"
                                  name="error">
                              <suspend/>
                           </catch>
                           <catch faultField="temp.mt_m_STG_UM_Hours/fault"
                                  id="jw5zpksx"
                                  interrupting="true"
                                  name="warning"/>
                        </events>
                     </eventContainer>
                     <link id="jw5zpkra" targetId="j3wg4fhf" type="containerLink"/>
                  </flow>
                  <flow id="jw5zpkrf">
                     <eventContainer id="jw5zpkta">
                        <service id="jw5zpks8">
                           <title>mt_m_STG_UM_Ops_Hieararchy</title>
                           <serviceName>ICSExecuteDataTask</serviceName>
                           <serviceGUID/>
                           <serviceInput>
                              <parameter name="Wait for Task to Complete" source="constant" updatable="true">true</parameter>
                              <parameter name="Max Wait" source="constant" updatable="true">86400</parameter>
                              <parameter name="Task Name" source="constant" updatable="true">mt_m_STG_UM_Ops_Hieararchy</parameter>
                              <parameter name="GUID" source="constant" updatable="true">6qrW531Id1obxEEo6ttJSm</parameter>
                              <parameter name="Task Type" source="constant" updatable="true">MCT</parameter>
                              <parameter name="Has Inout Parameters" source="constant" updatable="true">false</parameter>
                              <parameter name="taskField" source="nested">
                                 <operation source="field" to="mt-m-STG-UM-Ops-Hieararchy">temp.mt_m_STG_UM_Ops_Hieararchy</operation>
                              </parameter>
                           </serviceInput>
                           <serviceOutput>
                              <operation source="field" to="temp.mt_m_STG_UM_Ops_Hieararchy/output">Success Source Rows</operation>
                              <operation source="field" to="temp.mt_m_STG_UM_Ops_Hieararchy/output/Object_Name">Object Name</operation>
                              <operation source="field" to="temp.mt_m_STG_UM_Ops_Hieararchy/output/Run_Id">Run Id</operation>
                              <operation source="field" to="temp.mt_m_STG_UM_Ops_Hieararchy/output/Log_Id">Log Id</operation>
                              <operation source="field" to="temp.mt_m_STG_UM_Ops_Hieararchy/output/Task_Status">Task Status</operation>
                              <operation source="field"
                                         to="temp.mt_m_STG_UM_Ops_Hieararchy/output/Success_Source_Rows">Success Source Rows</operation>
                              <operation source="field"
                                         to="temp.mt_m_STG_UM_Ops_Hieararchy/output/Failed_Source_Rows">Failed Source Rows</operation>
                              <operation source="field"
                                         to="temp.mt_m_STG_UM_Ops_Hieararchy/output/Success_Target_Rows">Success Target Rows</operation>
                              <operation source="field"
                                         to="temp.mt_m_STG_UM_Ops_Hieararchy/output/Failed_Target_Rows">Failed Target Rows</operation>
                              <operation source="field" to="temp.mt_m_STG_UM_Ops_Hieararchy/output/Start_Time">Start Time</operation>
                              <operation source="field" to="temp.mt_m_STG_UM_Ops_Hieararchy/output/End_Time">End Time</operation>
                              <operation source="field"
                                         to="temp.mt_m_STG_UM_Ops_Hieararchy/output/Error_Message">Error Message</operation>
                           </serviceOutput>
                        </service>
                        <events>
                           <catch faultField="temp.mt_m_STG_UM_Ops_Hieararchy/fault"
                                  id="jw5zpkt8"
                                  interrupting="true"
                                  name="error">
                              <suspend/>
                           </catch>
                           <catch faultField="temp.mt_m_STG_UM_Ops_Hieararchy/fault"
                                  id="jw5zpkt9"
                                  interrupting="true"
                                  name="warning"/>
                        </events>
                     </eventContainer>
                     <link id="jw5zpkrg" targetId="j3wg4fhf" type="containerLink"/>
                  </flow>
                  <flow id="jw5zpkrm">
                     <eventContainer id="jw5zpktm">
                        <service id="jw5zpksl">
                           <title>mt_m_STG_UM_Ops_Hieararchy_Descr_File</title>
                           <serviceName>ICSExecuteDataTask</serviceName>
                           <serviceGUID/>
                           <serviceInput>
                              <parameter name="Wait for Task to Complete" source="constant" updatable="true">true</parameter>
                              <parameter name="Max Wait" source="constant" updatable="true">86400</parameter>
                              <parameter name="Task Name" source="constant" updatable="true">mt_m_STG_UM_Ops_Hieararchy_Descr_File</parameter>
                              <parameter name="GUID" source="constant" updatable="true">47j73y3KIwqjBVhD4ryPIX</parameter>
                              <parameter name="Task Type" source="constant" updatable="true">MCT</parameter>
                              <parameter name="Has Inout Parameters" source="constant" updatable="true">false</parameter>
                              <parameter name="taskField" source="nested">
                                 <operation source="field" to="mt-m-STG-UM-Ops-Hieararchy-Descr-File">temp.mt_m_STG_UM_Ops_Hieararchy_Descr_File</operation>
                              </parameter>
                           </serviceInput>
                           <serviceOutput>
                              <operation source="field" to="temp.mt_m_STG_UM_Ops_Hieararchy_Descr_File/output">Success Source Rows</operation>
                              <operation source="field"
                                         to="temp.mt_m_STG_UM_Ops_Hieararchy_Descr_File/output/Object_Name">Object Name</operation>
                              <operation source="field"
                                         to="temp.mt_m_STG_UM_Ops_Hieararchy_Descr_File/output/Run_Id">Run Id</operation>
                              <operation source="field"
                                         to="temp.mt_m_STG_UM_Ops_Hieararchy_Descr_File/output/Log_Id">Log Id</operation>
                              <operation source="field"
                                         to="temp.mt_m_STG_UM_Ops_Hieararchy_Descr_File/output/Task_Status">Task Status</operation>
                              <operation source="field"
                                         to="temp.mt_m_STG_UM_Ops_Hieararchy_Descr_File/output/Success_Source_Rows">Success Source Rows</operation>
                              <operation source="field"
                                         to="temp.mt_m_STG_UM_Ops_Hieararchy_Descr_File/output/Failed_Source_Rows">Failed Source Rows</operation>
                              <operation source="field"
                                         to="temp.mt_m_STG_UM_Ops_Hieararchy_Descr_File/output/Success_Target_Rows">Success Target Rows</operation>
                              <operation source="field"
                                         to="temp.mt_m_STG_UM_Ops_Hieararchy_Descr_File/output/Failed_Target_Rows">Failed Target Rows</operation>
                              <operation source="field"
                                         to="temp.mt_m_STG_UM_Ops_Hieararchy_Descr_File/output/Start_Time">Start Time</operation>
                              <operation source="field"
                                         to="temp.mt_m_STG_UM_Ops_Hieararchy_Descr_File/output/End_Time">End Time</operation>
                              <operation source="field"
                                         to="temp.mt_m_STG_UM_Ops_Hieararchy_Descr_File/output/Error_Message">Error Message</operation>
                           </serviceOutput>
                        </service>
                        <events>
                           <catch faultField="temp.mt_m_STG_UM_Ops_Hieararchy_Descr_File/fault"
                                  id="jw5zpktk"
                                  interrupting="true"
                                  name="error">
                              <suspend/>
                           </catch>
                           <catch faultField="temp.mt_m_STG_UM_Ops_Hieararchy_Descr_File/fault"
                                  id="jw5zpktl"
                                  interrupting="true"
                                  name="warning"/>
                        </events>
                     </eventContainer>
                     <link id="jw5zpkrn" targetId="j3wg4fhf" type="containerLink"/>
                  </flow>
                  <flow id="jwgx855c">
                     <eventContainer id="jwgx856c">
                        <service id="jwgx855n">
                           <title>mt_m_STG_UM_ATTRIBUTES</title>
                           <serviceName>ICSExecuteDataTask</serviceName>
                           <serviceGUID/>
                           <serviceInput>
                              <parameter name="Wait for Task to Complete" source="constant" updatable="true">true</parameter>
                              <parameter name="Max Wait" source="constant" updatable="true">86400</parameter>
                              <parameter name="Task Name" source="constant" updatable="true">mt_m_STG_UM_ATTRIBUTES</parameter>
                              <parameter name="GUID" source="constant" updatable="true">6eiRTmjx7AuhYxhBHzUlsx</parameter>
                              <parameter name="Task Type" source="constant" updatable="true">MCT</parameter>
                              <parameter name="Has Inout Parameters" source="constant" updatable="true">false</parameter>
                              <parameter name="taskField" source="nested">
                                 <operation source="field" to="mt-m-STG-UM-ATTRIBUTES">temp.mt_m_STG_UM_ATTRIBUTES</operation>
                              </parameter>
                           </serviceInput>
                           <serviceOutput>
                              <operation source="field" to="temp.mt_m_STG_UM_ATTRIBUTES/output">Success Source Rows</operation>
                              <operation source="field" to="temp.mt_m_STG_UM_ATTRIBUTES/output/Object_Name">Object Name</operation>
                              <operation source="field" to="temp.mt_m_STG_UM_ATTRIBUTES/output/Run_Id">Run Id</operation>
                              <operation source="field" to="temp.mt_m_STG_UM_ATTRIBUTES/output/Log_Id">Log Id</operation>
                              <operation source="field" to="temp.mt_m_STG_UM_ATTRIBUTES/output/Task_Status">Task Status</operation>
                              <operation source="field"
                                         to="temp.mt_m_STG_UM_ATTRIBUTES/output/Success_Source_Rows">Success Source Rows</operation>
                              <operation source="field"
                                         to="temp.mt_m_STG_UM_ATTRIBUTES/output/Failed_Source_Rows">Failed Source Rows</operation>
                              <operation source="field"
                                         to="temp.mt_m_STG_UM_ATTRIBUTES/output/Success_Target_Rows">Success Target Rows</operation>
                              <operation source="field"
                                         to="temp.mt_m_STG_UM_ATTRIBUTES/output/Failed_Target_Rows">Failed Target Rows</operation>
                              <operation source="field" to="temp.mt_m_STG_UM_ATTRIBUTES/output/Start_Time">Start Time</operation>
                              <operation source="field" to="temp.mt_m_STG_UM_ATTRIBUTES/output/End_Time">End Time</operation>
                              <operation source="field" to="temp.mt_m_STG_UM_ATTRIBUTES/output/Error_Message">Error Message</operation>
                           </serviceOutput>
                        </service>
                        <events>
                           <catch faultField="temp.mt_m_STG_UM_ATTRIBUTES/fault"
                                  id="jwgx856a"
                                  interrupting="true"
                                  name="error">
                              <suspend/>
                           </catch>
                           <catch faultField="temp.mt_m_STG_UM_ATTRIBUTES/fault"
                                  id="jwgx856b"
                                  interrupting="true"
                                  name="warning"/>
                        </events>
                     </eventContainer>
                     <link id="jwgx855d" targetId="j3wg4fhf" type="containerLink"/>
                  </flow>
                  <link id="j3wg4fhi" targetId="j3wg4fhj" type="containerLink"/>
                  <link id="j3wg4fhl" targetId="j3wg4fhm" type="containerLink"/>
                  <link id="jw5zpkr8" targetId="jw5zpkr9" type="containerLink"/>
                  <link id="jw5zpkre" targetId="jw5zpkrf" type="containerLink"/>
                  <link id="jw5zpkrl" targetId="jw5zpkrm" type="containerLink"/>
                  <link id="jwgx855b" targetId="jwgx855c" type="containerLink"/>
                  <link id="jwaqup6x" targetId="jwaqup7k"/>
               </container>
               <end id="c"/>
            </flow>
            <dependencies>
               <processObject xmlns="http://schemas.active-endpoints.com/appmodules/screenflow/2011/06/avosHostEnvironment.xsd"
                              displayName="mt-Batch-id-ins"
                              isByCopy="true"
                              name="mt-Batch-id-ins">
                  <description/>
                  <tags/>
                  <detail>
                     <field label="InOut Parameters" name="inout" type="reference"/>
                     <field label="Output Parameters" name="output" type="reference"/>
                     <field label="Fault" name="fault" type="reference"/>
                  </detail>
               </processObject>
               <processObject xmlns="http://schemas.active-endpoints.com/appmodules/screenflow/2011/06/avosHostEnvironment.xsd"
                              displayName="mt-m-STG-UM-DATA"
                              isByCopy="true"
                              name="mt-m-STG-UM-DATA">
                  <description/>
                  <tags/>
                  <detail>
                     <field label="Output Parameters" name="output" type="reference"/>
                     <field label="Fault" name="fault" type="reference"/>
                  </detail>
               </processObject>
               <processObject xmlns="http://schemas.active-endpoints.com/appmodules/screenflow/2011/06/avosHostEnvironment.xsd"
                              displayName="mt-m-STG-UM-DATES"
                              isByCopy="true"
                              name="mt-m-STG-UM-DATES">
                  <description/>
                  <tags/>
                  <detail>
                     <field label="Output Parameters" name="output" type="reference"/>
                     <field label="Fault" name="fault" type="reference"/>
                  </detail>
               </processObject>
               <processObject xmlns="http://schemas.active-endpoints.com/appmodules/screenflow/2011/06/avosHostEnvironment.xsd"
                              displayName="mt-m-STG-UM-Hours"
                              isByCopy="true"
                              name="mt-m-STG-UM-Hours">
                  <description/>
                  <tags/>
                  <detail>
                     <field label="Output Parameters" name="output" type="reference"/>
                     <field label="Fault" name="fault" type="reference"/>
                  </detail>
               </processObject>
               <processObject xmlns="http://schemas.active-endpoints.com/appmodules/screenflow/2011/06/avosHostEnvironment.xsd"
                              displayName="mt-m-STG-UM-Ops-Hieararchy"
                              isByCopy="true"
                              name="mt-m-STG-UM-Ops-Hieararchy">
                  <description/>
                  <tags/>
                  <detail>
                     <field label="Output Parameters" name="output" type="reference"/>
                     <field label="Fault" name="fault" type="reference"/>
                  </detail>
               </processObject>
               <processObject xmlns="http://schemas.active-endpoints.com/appmodules/screenflow/2011/06/avosHostEnvironment.xsd"
                              displayName="mt-m-STG-UM-Ops-Hieararchy-Descr-File"
                              isByCopy="true"
                              name="mt-m-STG-UM-Ops-Hieararchy-Descr-File">
                  <description/>
                  <tags/>
                  <detail>
                     <field label="Output Parameters" name="output" type="reference"/>
                     <field label="Fault" name="fault" type="reference"/>
                  </detail>
               </processObject>
               <processObject xmlns="http://schemas.active-endpoints.com/appmodules/screenflow/2011/06/avosHostEnvironment.xsd"
                              displayName="mt-m-STG-UM-ATTRIBUTES"
                              isByCopy="true"
                              name="mt-m-STG-UM-ATTRIBUTES">
                  <description/>
                  <tags/>
                  <detail>
                     <field label="Output Parameters" name="output" type="reference"/>
                     <field label="Fault" name="fault" type="reference"/>
                  </detail>
               </processObject>
               <processObject xmlns="http://schemas.active-endpoints.com/appmodules/screenflow/2011/06/avosHostEnvironment.xsd"
                              displayName="mt-m-D-STORE-STG-UM"
                              isByCopy="true"
                              name="mt-m-D-STORE-STG-UM">
                  <description/>
                  <tags/>
                  <detail>
                     <field label="Output Parameters" name="output" type="reference"/>
                     <field label="Fault" name="fault" type="reference"/>
                  </detail>
               </processObject>
               <processObject xmlns="http://schemas.active-endpoints.com/appmodules/screenflow/2011/06/avosHostEnvironment.xsd"
                              displayName="mt-Batch-id-upd"
                              isByCopy="true"
                              name="mt-Batch-id-upd">
                  <description/>
                  <tags/>
                  <detail>
                     <field label="InOut Parameters" name="inout" type="reference"/>
                     <field label="Output Parameters" name="output" type="reference"/>
                     <field label="Fault" name="fault" type="reference"/>
                  </detail>
               </processObject>
            </dependencies>
         </taskflow>
      </types1:Entry>
      <types1:GUID>55uJmI6Pbrmck9iUT4wvOp</types1:GUID>
      <types1:DisplayName>tf_StoreMaster_Interface</types1:DisplayName>
   </types1:Item>
   <types1:CurrentServerDateTime>2019-08-16T21:20:39.764Z</types1:CurrentServerDateTime>
</aetgt:getResponse>
