objectPath,objectName,objectType,id
/Explore/StoreMaster,mt_m_STG_UM_Hours,MTT,2f1l1HyRZyaczx0I9ISnQO
/Explore/StoreMaster,mt_m_STG_UM_Ops_Hieararchy_Descr_File,MTT,47j73y3KIwqjBVhD4ryPIX
/Explore/StoreMaster,mt_m_D_STORE_STG_UM,MTT,aseOkLVJ7cdiix39SEosI1
/SYS,ODSConnection_ODS,Connection,21EjUsSaRKogS7bzN2LnI0
/Explore/StoreMaster,mt_m_STG_UM_DATES,MTT,3yUIZL3ORebiOD3G6yqtss
/Explore/StoreMaster/Store_Hierarchy,m_Batch_id_upd,DTEMPLATE,3QhFj1OHndsdIvCZEgwx0s
/Explore/StoreMaster,m_STG_UM_DATES,DTEMPLATE,aOfcDApmXkqc0qb7C6Adya
/Explore/StoreMaster,Store_Hierarchy,Folder,iSW0NRP9kI1b5iJamLix2x
/Explore/StoreMaster,m_UM_STG_UM_Ops_Hieararchy,DTEMPLATE,55L3KSRlszklo4p9xyseWZ
/Explore/StoreMaster/Store_Hierarchy,m_Batch_id_ins,DTEMPLATE,cfrCZnFbmKrbvTCLq4oNAY
/Explore/StoreMaster,mt_m_STG_UM_Ops_Hieararchy,MTT,6qrW531Id1obxEEo6ttJSm
/Explore/StoreMaster,m_STG_UM_DATA,DTEMPLATE,erhiNX9TjuycOXz8tsA38I
/Explore/StoreMaster,m_STG_UM_ATTRIBUTES,DTEMPLATE,a5bNBfeiTBdbHCzBkgTtYs
/Explore/StoreMaster,mt_m_STG_UM_ATTRIBUTES,MTT,6eiRTmjx7AuhYxhBHzUlsx
/Explore/StoreMaster,mt_m_STG_UM_DATA,MTT,ghKspAgE9kwdCoXC5U00Q9
/SYS,ODSConnection_STG,Connection,9OL2YcLSheLeS4rMZqTq41
/SYS,FFConn_SRC_IICS_StoreMaster,Connection,5pkoAhJARwjck2bVA3rGG0
/SYS,SAG,AgentGroup,cO85wF3Pea5buuvaaT1wEA
/Explore/StoreMaster,mt_Batch_id_ins,MTT,aExuI6EUHG3bfH2moM4uGV
/Explore/StoreMaster,m_STG_UM_Ops_Hieararchy_Descr_File,DTEMPLATE,7tutSQDxUK7cMvqxxI6iqS
/Explore/StoreMaster,m_STG_UM_Hours,DTEMPLATE,6sl7JLJLyvndVHQWleQCgy
/Explore/StoreMaster,tf_StoreMaster_Interface,TASKFLOW,55uJmI6Pbrmck9iUT4wvOp
/Explore/StoreMaster,mt_Batch_id_upd,MTT,2UO41JdOsYIbhP7TzDk7cF
/Explore,StoreMaster,Project,1wr0YS7CwCLlp7VoM0DmSS
/Explore/StoreMaster,m_D_STORE_STG_UM,DTEMPLATE,anoGxz6iUwyg4MUHSx194a
/SYS,ODSConnection,Connection,ijmxmdyvXa3c3STv0Zsqoj