{
  "name" : "tf_StoreMaster_Interface-1565990427554",
  "sourceOrgId" : "1OR3U1u78D1djtBRBbi6gY",
  "sourceOrgName" : "Carl Karcher Enterprises Inc",
  "exportedObjects" : [ {
    "objectGuid" : "2f1l1HyRZyaczx0I9ISnQO",
    "objectName" : "mt_m_STG_UM_Hours",
    "objectType" : "MTT",
    "path" : "/Explore/StoreMaster",
    "metadata" : {
      "modelVersion" : {
        "major" : 0,
        "minor" : 0
      },
      "repoInfo" : {
        "repoHandle" : "010EIV0Z00000000008W"
      },
      "objectRefs" : [ "6sl7JLJLyvndVHQWleQCgy", "9OL2YcLSheLeS4rMZqTq41", "5pkoAhJARwjck2bVA3rGG0", "cO85wF3Pea5buuvaaT1wEA" ],
      "contextAttributes" : [ {
        "name" : "id",
        "value" : "@1"
      } ],
      "additionalInfo" : {
        "description" : "This Mapping Task is used invoke m_STG_UM_Hours mapping.",
        "contentType" : "JSON",
        "documentState" : "VALID"
      }
    }
  }, {
    "objectGuid" : "47j73y3KIwqjBVhD4ryPIX",
    "objectName" : "mt_m_STG_UM_Ops_Hieararchy_Descr_File",
    "objectType" : "MTT",
    "path" : "/Explore/StoreMaster",
    "metadata" : {
      "modelVersion" : {
        "major" : 0,
        "minor" : 0
      },
      "repoInfo" : {
        "repoHandle" : "010EIV0Z00000000008U"
      },
      "objectRefs" : [ "7tutSQDxUK7cMvqxxI6iqS", "9OL2YcLSheLeS4rMZqTq41", "5pkoAhJARwjck2bVA3rGG0", "cO85wF3Pea5buuvaaT1wEA" ],
      "contextAttributes" : [ {
        "name" : "id",
        "value" : "@1"
      } ],
      "additionalInfo" : {
        "description" : "This Mapping task is used to invoke the m_STG_UM_Ops_Hieararchy_Descr_File Mapping.",
        "contentType" : "JSON",
        "documentState" : "VALID"
      }
    }
  }, {
    "objectGuid" : "aseOkLVJ7cdiix39SEosI1",
    "objectName" : "mt_m_D_STORE_STG_UM",
    "objectType" : "MTT",
    "path" : "/Explore/StoreMaster",
    "metadata" : {
      "modelVersion" : {
        "major" : 0,
        "minor" : 0
      },
      "repoInfo" : {
        "repoHandle" : "010EIV0Z00000000008T"
      },
      "objectRefs" : [ "21EjUsSaRKogS7bzN2LnI0", "9OL2YcLSheLeS4rMZqTq41", "anoGxz6iUwyg4MUHSx194a", "ijmxmdyvXa3c3STv0Zsqoj", "cO85wF3Pea5buuvaaT1wEA" ],
      "contextAttributes" : [ {
        "name" : "id",
        "value" : "@1"
      } ],
      "additionalInfo" : {
        "description" : "This Task is used to load data into D_STORE table.",
        "contentType" : "JSON",
        "documentState" : "VALID"
      }
    }
  }, {
    "objectGuid" : "21EjUsSaRKogS7bzN2LnI0",
    "objectName" : "ODSConnection_ODS",
    "objectType" : "Connection",
    "path" : "/SYS",
    "metadata" : {
      "modelVersion" : {
        "major" : 0,
        "minor" : 0
      },
      "repoInfo" : {
        "repoHandle" : "010EIV0B00000000000N"
      },
      "objectRefs" : [ "cO85wF3Pea5buuvaaT1wEA" ],
      "contextAttributes" : [ {
        "name" : "id",
        "value" : "@1"
      } ],
      "additionalInfo" : {
        "description" : null,
        "contentType" : "JSON",
        "documentState" : "COMPLETE"
      }
    }
  }, {
    "objectGuid" : "3yUIZL3ORebiOD3G6yqtss",
    "objectName" : "mt_m_STG_UM_DATES",
    "objectType" : "MTT",
    "path" : "/Explore/StoreMaster",
    "metadata" : {
      "modelVersion" : {
        "major" : 0,
        "minor" : 0
      },
      "repoInfo" : {
        "repoHandle" : "010EIV0Z00000000008Y"
      },
      "objectRefs" : [ "aOfcDApmXkqc0qb7C6Adya", "9OL2YcLSheLeS4rMZqTq41", "5pkoAhJARwjck2bVA3rGG0", "cO85wF3Pea5buuvaaT1wEA" ],
      "contextAttributes" : [ {
        "name" : "id",
        "value" : "@1"
      } ],
      "additionalInfo" : {
        "description" : "This Mapping Task is used to invoke mapping m_STG_UM_DATES.\r\nm_STG_UM_DATES Mapping is used to load  UM_DATES data  into ODS stage table from File.",
        "contentType" : "JSON",
        "documentState" : "VALID"
      }
    }
  }, {
    "objectGuid" : "3QhFj1OHndsdIvCZEgwx0s",
    "objectName" : "m_Batch_id_upd",
    "objectType" : "DTEMPLATE",
    "path" : "/Explore/StoreMaster/Store_Hierarchy",
    "metadata" : {
      "modelVersion" : {
        "major" : 0,
        "minor" : 0
      },
      "repoInfo" : {
        "repoHandle" : "010EIV1700000000006Q"
      },
      "objectRefs" : [ "21EjUsSaRKogS7bzN2LnI0", "ijmxmdyvXa3c3STv0Zsqoj" ],
      "contextAttributes" : [ {
        "name" : "id",
        "value" : "@1"
      } ],
      "additionalInfo" : {
        "description" : "It will update batch id after completion of main tasks.",
        "contentType" : "JSON",
        "documentState" : "VALID"
      }
    }
  }, {
    "objectGuid" : "aOfcDApmXkqc0qb7C6Adya",
    "objectName" : "m_STG_UM_DATES",
    "objectType" : "DTEMPLATE",
    "path" : "/Explore/StoreMaster",
    "metadata" : {
      "modelVersion" : {
        "major" : 0,
        "minor" : 0
      },
      "repoInfo" : {
        "repoHandle" : "010EIV1700000000006K"
      },
      "objectRefs" : [ "9OL2YcLSheLeS4rMZqTq41", "5pkoAhJARwjck2bVA3rGG0" ],
      "contextAttributes" : [ {
        "name" : "id",
        "value" : "@1"
      } ],
      "additionalInfo" : {
        "description" : "This Mapping is used to load  UM_DATES data  into ODS stage table from File.",
        "contentType" : "JSON",
        "documentState" : "VALID"
      }
    }
  }, {
    "objectGuid" : "iSW0NRP9kI1b5iJamLix2x",
    "objectName" : "Store_Hierarchy",
    "objectType" : "Folder",
    "path" : "/Explore/StoreMaster",
    "metadata" : {
      "modelVersion" : {
        "major" : 0,
        "minor" : 0
      },
      "repoInfo" : null,
      "objectRefs" : [ ],
      "contextAttributes" : [ ],
      "additionalInfo" : {
        "description" : "It consists of Franchise Hierarchy related code.",
        "contentType" : "Binary",
        "documentState" : "COMPLETE"
      }
    }
  }, {
    "objectGuid" : "55L3KSRlszklo4p9xyseWZ",
    "objectName" : "m_UM_STG_UM_Ops_Hieararchy",
    "objectType" : "DTEMPLATE",
    "path" : "/Explore/StoreMaster",
    "metadata" : {
      "modelVersion" : {
        "major" : 0,
        "minor" : 0
      },
      "repoInfo" : {
        "repoHandle" : "010EIV1700000000006J"
      },
      "objectRefs" : [ "9OL2YcLSheLeS4rMZqTq41", "5pkoAhJARwjck2bVA3rGG0" ],
      "contextAttributes" : [ {
        "name" : "id",
        "value" : "@1"
      } ],
      "additionalInfo" : {
        "description" : "This Mapping is used to load  UM_Ops_Hieararchy data  into ODS stage table from File.",
        "contentType" : "JSON",
        "documentState" : "VALID"
      }
    }
  }, {
    "objectGuid" : "cfrCZnFbmKrbvTCLq4oNAY",
    "objectName" : "m_Batch_id_ins",
    "objectType" : "DTEMPLATE",
    "path" : "/Explore/StoreMaster/Store_Hierarchy",
    "metadata" : {
      "modelVersion" : {
        "major" : 0,
        "minor" : 0
      },
      "repoInfo" : {
        "repoHandle" : "010EIV1700000000006L"
      },
      "objectRefs" : [ "ijmxmdyvXa3c3STv0Zsqoj" ],
      "contextAttributes" : [ {
        "name" : "id",
        "value" : "@1"
      } ],
      "additionalInfo" : {
        "description" : "It will insert new batch id before main job starts in batch table.",
        "contentType" : "JSON",
        "documentState" : "VALID"
      }
    }
  }, {
    "objectGuid" : "6qrW531Id1obxEEo6ttJSm",
    "objectName" : "mt_m_STG_UM_Ops_Hieararchy",
    "objectType" : "MTT",
    "path" : "/Explore/StoreMaster",
    "metadata" : {
      "modelVersion" : {
        "major" : 0,
        "minor" : 0
      },
      "repoInfo" : {
        "repoHandle" : "010EIV0Z00000000008Z"
      },
      "objectRefs" : [ "9OL2YcLSheLeS4rMZqTq41", "55L3KSRlszklo4p9xyseWZ", "5pkoAhJARwjck2bVA3rGG0", "cO85wF3Pea5buuvaaT1wEA" ],
      "contextAttributes" : [ {
        "name" : "id",
        "value" : "@1"
      } ],
      "additionalInfo" : {
        "description" : "This Mapping Task is used to invoke the m_STG_UM_Ops_Hieararchy Mapping.",
        "contentType" : "JSON",
        "documentState" : "VALID"
      }
    }
  }, {
    "objectGuid" : "erhiNX9TjuycOXz8tsA38I",
    "objectName" : "m_STG_UM_DATA",
    "objectType" : "DTEMPLATE",
    "path" : "/Explore/StoreMaster",
    "metadata" : {
      "modelVersion" : {
        "major" : 0,
        "minor" : 0
      },
      "repoInfo" : {
        "repoHandle" : "010EIV1700000000006P"
      },
      "objectRefs" : [ "9OL2YcLSheLeS4rMZqTq41", "5pkoAhJARwjck2bVA3rGG0" ],
      "contextAttributes" : [ {
        "name" : "id",
        "value" : "@1"
      } ],
      "additionalInfo" : {
        "description" : "This Mapping is used to load  UM_DATA data  into ODS stage table from File.",
        "contentType" : "JSON",
        "documentState" : "VALID"
      }
    }
  }, {
    "objectGuid" : "a5bNBfeiTBdbHCzBkgTtYs",
    "objectName" : "m_STG_UM_ATTRIBUTES",
    "objectType" : "DTEMPLATE",
    "path" : "/Explore/StoreMaster",
    "metadata" : {
      "modelVersion" : {
        "major" : 0,
        "minor" : 0
      },
      "repoInfo" : {
        "repoHandle" : "010EIV1700000000006I"
      },
      "objectRefs" : [ "9OL2YcLSheLeS4rMZqTq41", "5pkoAhJARwjck2bVA3rGG0" ],
      "contextAttributes" : [ {
        "name" : "id",
        "value" : "@1"
      } ],
      "additionalInfo" : {
        "description" : "This Mapping is used to load  UM_ATTRIBUTES data  into ODS stage table from File.",
        "contentType" : "JSON",
        "documentState" : "VALID"
      }
    }
  }, {
    "objectGuid" : "6eiRTmjx7AuhYxhBHzUlsx",
    "objectName" : "mt_m_STG_UM_ATTRIBUTES",
    "objectType" : "MTT",
    "path" : "/Explore/StoreMaster",
    "metadata" : {
      "modelVersion" : {
        "major" : 0,
        "minor" : 0
      },
      "repoInfo" : {
        "repoHandle" : "010EIV0Z00000000008X"
      },
      "objectRefs" : [ "a5bNBfeiTBdbHCzBkgTtYs", "9OL2YcLSheLeS4rMZqTq41", "5pkoAhJARwjck2bVA3rGG0", "cO85wF3Pea5buuvaaT1wEA" ],
      "contextAttributes" : [ {
        "name" : "id",
        "value" : "@1"
      } ],
      "additionalInfo" : {
        "description" : "This Mapping  Task is used invoke the m_STG_UM_ATTRIBUTES mapping.",
        "contentType" : "JSON",
        "documentState" : "VALID"
      }
    }
  }, {
    "objectGuid" : "ghKspAgE9kwdCoXC5U00Q9",
    "objectName" : "mt_m_STG_UM_DATA",
    "objectType" : "MTT",
    "path" : "/Explore/StoreMaster",
    "metadata" : {
      "modelVersion" : {
        "major" : 0,
        "minor" : 0
      },
      "repoInfo" : {
        "repoHandle" : "010EIV0Z00000000008V"
      },
      "objectRefs" : [ "erhiNX9TjuycOXz8tsA38I", "9OL2YcLSheLeS4rMZqTq41", "5pkoAhJARwjck2bVA3rGG0", "cO85wF3Pea5buuvaaT1wEA" ],
      "contextAttributes" : [ {
        "name" : "id",
        "value" : "@1"
      } ],
      "additionalInfo" : {
        "description" : "This Mapping Task is used to invoke Mapping m_STG_UM_DATA.\r\nm_STG_UM_DATA Mapping is used to load  UM_DATA data  into ODS stage table from File.",
        "contentType" : "JSON",
        "documentState" : "VALID"
      }
    }
  }, {
    "objectGuid" : "9OL2YcLSheLeS4rMZqTq41",
    "objectName" : "ODSConnection_STG",
    "objectType" : "Connection",
    "path" : "/SYS",
    "metadata" : {
      "modelVersion" : {
        "major" : 0,
        "minor" : 0
      },
      "repoInfo" : {
        "repoHandle" : "010EIV0B000000000012"
      },
      "objectRefs" : [ "cO85wF3Pea5buuvaaT1wEA" ],
      "contextAttributes" : [ {
        "name" : "id",
        "value" : "@1"
      } ],
      "additionalInfo" : {
        "description" : null,
        "contentType" : "JSON",
        "documentState" : "COMPLETE"
      }
    }
  }, {
    "objectGuid" : "5pkoAhJARwjck2bVA3rGG0",
    "objectName" : "FFConn_SRC_IICS_StoreMaster",
    "objectType" : "Connection",
    "path" : "/SYS",
    "metadata" : {
      "modelVersion" : {
        "major" : 0,
        "minor" : 0
      },
      "repoInfo" : {
        "repoHandle" : "010EIV0B000000000013"
      },
      "objectRefs" : [ "cO85wF3Pea5buuvaaT1wEA" ],
      "contextAttributes" : [ {
        "name" : "id",
        "value" : "@1"
      } ],
      "additionalInfo" : {
        "description" : "To extract the Store Master files",
        "contentType" : "JSON",
        "documentState" : "COMPLETE"
      }
    }
  }, {
    "objectGuid" : "cO85wF3Pea5buuvaaT1wEA",
    "objectName" : "SAG",
    "objectType" : "AgentGroup",
    "path" : "/SYS",
    "metadata" : {
      "modelVersion" : {
        "major" : 0,
        "minor" : 0
      },
      "repoInfo" : {
        "repoHandle" : "010EIV25000000000006"
      },
      "objectRefs" : [ ],
      "contextAttributes" : [ {
        "name" : "id",
        "value" : "@1"
      } ],
      "additionalInfo" : {
        "description" : null,
        "contentType" : "JSON",
        "documentState" : "VALID"
      }
    }
  }, {
    "objectGuid" : "aExuI6EUHG3bfH2moM4uGV",
    "objectName" : "mt_Batch_id_ins",
    "objectType" : "MTT",
    "path" : "/Explore/StoreMaster",
    "metadata" : {
      "modelVersion" : {
        "major" : 0,
        "minor" : 0
      },
      "repoInfo" : {
        "repoHandle" : "010EIV0Z00000000008S"
      },
      "objectRefs" : [ "cfrCZnFbmKrbvTCLq4oNAY", "ijmxmdyvXa3c3STv0Zsqoj", "cO85wF3Pea5buuvaaT1wEA" ],
      "contextAttributes" : [ {
        "name" : "id",
        "value" : "@1"
      } ],
      "additionalInfo" : {
        "description" : "",
        "contentType" : "JSON",
        "documentState" : "VALID"
      }
    }
  }, {
    "objectGuid" : "7tutSQDxUK7cMvqxxI6iqS",
    "objectName" : "m_STG_UM_Ops_Hieararchy_Descr_File",
    "objectType" : "DTEMPLATE",
    "path" : "/Explore/StoreMaster",
    "metadata" : {
      "modelVersion" : {
        "major" : 0,
        "minor" : 0
      },
      "repoInfo" : {
        "repoHandle" : "010EIV1700000000006M"
      },
      "objectRefs" : [ "9OL2YcLSheLeS4rMZqTq41", "5pkoAhJARwjck2bVA3rGG0" ],
      "contextAttributes" : [ {
        "name" : "id",
        "value" : "@1"
      } ],
      "additionalInfo" : {
        "description" : "This Mapping is used to load  UM_Ops_Hieararchy_Descr_File data  into ODS stage table from File.",
        "contentType" : "JSON",
        "documentState" : "VALID"
      }
    }
  }, {
    "objectGuid" : "6sl7JLJLyvndVHQWleQCgy",
    "objectName" : "m_STG_UM_Hours",
    "objectType" : "DTEMPLATE",
    "path" : "/Explore/StoreMaster",
    "metadata" : {
      "modelVersion" : {
        "major" : 0,
        "minor" : 0
      },
      "repoInfo" : {
        "repoHandle" : "010EIV1700000000006N"
      },
      "objectRefs" : [ "9OL2YcLSheLeS4rMZqTq41", "5pkoAhJARwjck2bVA3rGG0" ],
      "contextAttributes" : [ {
        "name" : "id",
        "value" : "@1"
      } ],
      "additionalInfo" : {
        "description" : "This Mapping is used to load  UM_Hours data  into ODS stage table from File.",
        "contentType" : "JSON",
        "documentState" : "VALID"
      }
    }
  }, {
    "objectGuid" : "55uJmI6Pbrmck9iUT4wvOp",
    "objectName" : "tf_StoreMaster_Interface",
    "objectType" : "TASKFLOW",
    "path" : "/Explore/StoreMaster",
    "metadata" : {
      "modelVersion" : {
        "major" : 1,
        "minor" : 0
      },
      "repoInfo" : {
        "repoHandle" : "x1H5lRuImXycotF-gt-4729953-2019-07-12T22:17:28.372Z::tf.xml"
      },
      "objectRefs" : [ "aExuI6EUHG3bfH2moM4uGV", "2f1l1HyRZyaczx0I9ISnQO", "6eiRTmjx7AuhYxhBHzUlsx", "aseOkLVJ7cdiix39SEosI1", "47j73y3KIwqjBVhD4ryPIX", "ghKspAgE9kwdCoXC5U00Q9", "2UO41JdOsYIbhP7TzDk7cF", "3yUIZL3ORebiOD3G6yqtss", "6qrW531Id1obxEEo6ttJSm" ],
      "contextAttributes" : null,
      "additionalInfo" : {
        "description" : "Load Unit (Store) Master data into ODS tables.",
        "contentType" : "application/json; charset=utf-8",
        "documentState" : "VALID"
      }
    }
  }, {
    "objectGuid" : "2UO41JdOsYIbhP7TzDk7cF",
    "objectName" : "mt_Batch_id_upd",
    "objectType" : "MTT",
    "path" : "/Explore/StoreMaster",
    "metadata" : {
      "modelVersion" : {
        "major" : 0,
        "minor" : 0
      },
      "repoInfo" : {
        "repoHandle" : "010EIV0Z000000000090"
      },
      "objectRefs" : [ "21EjUsSaRKogS7bzN2LnI0", "3QhFj1OHndsdIvCZEgwx0s", "ijmxmdyvXa3c3STv0Zsqoj", "cO85wF3Pea5buuvaaT1wEA" ],
      "contextAttributes" : [ {
        "name" : "id",
        "value" : "@1"
      } ],
      "additionalInfo" : {
        "description" : "",
        "contentType" : "JSON",
        "documentState" : "VALID"
      }
    }
  }, {
    "objectGuid" : "1wr0YS7CwCLlp7VoM0DmSS",
    "objectName" : "StoreMaster",
    "objectType" : "Project",
    "path" : "/Explore",
    "metadata" : {
      "modelVersion" : {
        "major" : 0,
        "minor" : 0
      },
      "repoInfo" : null,
      "objectRefs" : [ ],
      "contextAttributes" : [ ],
      "additionalInfo" : {
        "description" : "",
        "contentType" : "Binary",
        "documentState" : "COMPLETE"
      }
    }
  }, {
    "objectGuid" : "anoGxz6iUwyg4MUHSx194a",
    "objectName" : "m_D_STORE_STG_UM",
    "objectType" : "DTEMPLATE",
    "path" : "/Explore/StoreMaster",
    "metadata" : {
      "modelVersion" : {
        "major" : 0,
        "minor" : 0
      },
      "repoInfo" : {
        "repoHandle" : "010EIV1700000000006O"
      },
      "objectRefs" : [ "21EjUsSaRKogS7bzN2LnI0", "9OL2YcLSheLeS4rMZqTq41", "ijmxmdyvXa3c3STv0Zsqoj" ],
      "contextAttributes" : [ {
        "name" : "id",
        "value" : "@1"
      } ],
      "additionalInfo" : {
        "description" : "This Mapping is used to load data into D_STORE from Store Master stage tables.",
        "contentType" : "JSON",
        "documentState" : "VALID"
      }
    }
  }, {
    "objectGuid" : "ijmxmdyvXa3c3STv0Zsqoj",
    "objectName" : "ODSConnection",
    "objectType" : "Connection",
    "path" : "/SYS",
    "metadata" : {
      "modelVersion" : {
        "major" : 0,
        "minor" : 0
      },
      "repoInfo" : {
        "repoHandle" : "010EIV0B000000000005"
      },
      "objectRefs" : [ "cO85wF3Pea5buuvaaT1wEA" ],
      "contextAttributes" : [ {
        "name" : "id",
        "value" : "@1"
      } ],
      "additionalInfo" : {
        "description" : null,
        "contentType" : "JSON",
        "documentState" : "COMPLETE"
      }
    }
  } ]
}